"model","family","replicate","gamma","convergence"
"gpt-6-sol","frontier_exponential",1,9.0789081329874,0
"gpt-6-sol","frontier_exponential",2,4.73046973725152,0
"gpt-6-sol","frontier_exponential",3,11.5384526968966,0
"gpt-6-sol","frontier_exponential",4,13.2968224523185,0
"gpt-6-sol","frontier_exponential",5,7.9437096842817,0
"gpt-6-sol","frontier_exponential",6,13.2033753767564,0
"gpt-6-sol","frontier_exponential",7,9.77920801808959,0
"gpt-6-sol","frontier_exponential",8,10.8717283975055,0
"gpt-6-sol","frontier_exponential",9,12.823955216897,0
"gpt-6-sol","frontier_exponential",10,9.56143881686403,0
"gpt-6-sol","frontier_exponential",11,11.4036697944997,0
"gpt-6-sol","frontier_exponential",12,12.7495866277054,0
"gpt-6-sol","frontier_exponential",13,11.4414008402111,0
"gpt-6-sol","frontier_exponential",14,11.3928804719265,0
"gpt-6-sol","frontier_exponential",15,12.8239552169204,0
"gpt-6-sol","frontier_exponential",16,12.6339129662964,0
"gpt-6-sol","frontier_exponential",17,8.3686434765555,0
"gpt-6-sol","frontier_exponential",18,11.5319150126756,0
"gpt-6-sol","frontier_exponential",19,11.4041206317848,0
"gpt-6-sol","frontier_exponential",20,11.83552600014,0
"gpt-6-sol","frontier_exponential",21,11.851495777023,0
"gpt-6-sol","frontier_exponential",22,11.0795239778786,0
"gpt-6-sol","frontier_exponential",23,13.4742829631348,0
"gpt-6-sol","frontier_exponential",24,11.2112532327704,0
"gpt-6-sol","frontier_exponential",25,5.43026310157123,0
"gpt-6-sol","frontier_exponential",26,12.4487465445317,0
"gpt-6-sol","frontier_exponential",27,11.4414008402297,0
"gpt-6-sol","frontier_exponential",28,12.7495798764786,0
"gpt-6-sol","frontier_exponential",29,11.1450885490215,0
"gpt-6-sol","frontier_exponential",30,12.4976096970624,0
"gpt-6-sol","frontier_exponential",31,10.2214712982128,0
"gpt-6-sol","frontier_exponential",32,9.95867401738138,0
"gpt-6-sol","frontier_exponential",33,11.3183575432144,0
"gpt-6-sol","frontier_exponential",34,11.835526000146,0
"gpt-6-sol","frontier_exponential",35,11.8861966155715,0
"gpt-6-sol","frontier_exponential",36,11.531915368498,0
"gpt-6-sol","frontier_exponential",37,12.683435947269,0
"gpt-6-sol","frontier_exponential",38,11.4133397032445,0
"gpt-6-sol","frontier_exponential",39,11.3916914895593,0
"gpt-6-sol","frontier_exponential",40,10.8717283975052,0
"gpt-6-sol","frontier_exponential",41,9.07662224774898,0
"gpt-6-sol","frontier_exponential",42,12.5388144523687,0
"gpt-6-sol","frontier_exponential",43,13.4601501175943,0
"gpt-6-sol","frontier_exponential",44,3.97710467258257,0
"gpt-6-sol","frontier_exponential",45,9.70297123712603,0
"gpt-6-sol","frontier_exponential",46,12.6333051829833,0
"gpt-6-sol","frontier_exponential",47,12.6339129662972,0
"gpt-6-sol","frontier_exponential",48,12.7495866277199,0
"gpt-6-sol","frontier_exponential",49,12.6333051830113,0
"gpt-6-sol","frontier_exponential",50,12.2006234310592,0
"gpt-6-sol","frontier_exponential",51,11.6430812588403,0
"gpt-6-sol","frontier_exponential",52,9.07650887265184,0
"gpt-6-sol","frontier_exponential",53,11.4414990957287,0
"gpt-6-sol","frontier_exponential",54,9.07881703435716,0
"gpt-6-sol","frontier_exponential",55,11.8358405093293,0
"gpt-6-sol","frontier_exponential",56,10.865492656892,0
"gpt-6-sol","frontier_exponential",57,10.0810866046048,0
"gpt-6-sol","frontier_exponential",58,11.7398211703157,0
"gpt-6-sol","frontier_exponential",59,12.6333326273855,0
"gpt-6-sol","frontier_exponential",60,12.2006230304383,0
"gpt-6-sol","frontier_exponential",61,11.6431792090527,0
"gpt-6-sol","frontier_exponential",62,9.91839461880135,0
"gpt-6-sol","frontier_exponential",63,9.07881703435716,0
"gpt-6-sol","frontier_exponential",64,12.8240179882971,0
"gpt-6-sol","frontier_exponential",65,11.8173895972718,0
"gpt-6-sol","frontier_exponential",66,12.2006234310034,0
"gpt-6-sol","frontier_exponential",67,11.7398211703228,0
"gpt-6-sol","frontier_exponential",68,13.0113040101356,0
"gpt-6-sol","frontier_exponential",69,9.9582463600205,0
"gpt-6-sol","frontier_exponential",70,12.4975926176579,0
"gpt-6-sol","frontier_exponential",71,12.8044949289937,0
"gpt-6-sol","frontier_exponential",72,1.16765399403591,0
"gpt-6-sol","frontier_exponential",73,11.8862626404895,0
"gpt-6-sol","frontier_exponential",74,12.6152039324917,0
"gpt-6-sol","frontier_exponential",75,13.0076557193185,0
"gpt-6-sol","frontier_exponential",76,11.9747619044616,0
"gpt-6-sol","frontier_exponential",77,11.4414990957287,0
"gpt-6-sol","frontier_exponential",78,11.7398211703078,0
"gpt-6-sol","frontier_exponential",79,11.6712786581033,0
"gpt-6-sol","frontier_exponential",80,10.9575506719021,0
"gpt-6-sol","frontier_exponential",81,9.56068778068258,0
"gpt-6-sol","frontier_exponential",82,12.8239591007722,0
"gpt-6-sol","frontier_exponential",83,12.8239505295513,0
"gpt-6-sol","frontier_exponential",84,13.0013129485901,0
"gpt-6-sol","frontier_exponential",85,13.2968942701207,0
"gpt-6-sol","frontier_exponential",86,12.7351313985505,0
"gpt-6-sol","frontier_exponential",87,11.8861966156028,0
"gpt-6-sol","frontier_exponential",88,11.1454399609341,0
"gpt-6-sol","frontier_exponential",89,10.2987717769574,0
"gpt-6-sol","frontier_exponential",90,11.2680467555136,0
"gpt-6-sol","frontier_exponential",91,11.531915368518,0
"gpt-6-sol","frontier_exponential",92,11.3928557709033,0
"gpt-6-sol","frontier_exponential",93,12.2458287702765,0
"gpt-6-sol","frontier_exponential",94,11.748326398651,0
"gpt-6-sol","frontier_exponential",95,12.5388144523522,0
"gpt-6-sol","frontier_exponential",96,12.8239505311531,0
"gpt-6-sol","frontier_exponential",97,13.5952946388606,0
"gpt-6-sol","frontier_exponential",98,11.7789209916523,0
"gpt-6-sol","frontier_exponential",99,11.5318877165998,0
"gpt-6-sol","frontier_exponential",100,11.7373880798246,0
"gpt-6-sol","frontier_exponential",101,11.7483866913932,0
"gpt-6-sol","frontier_exponential",102,13.4742829631348,0
"gpt-6-sol","frontier_exponential",103,8.97166040117321,0
"gpt-6-sol","frontier_exponential",104,12.200545466945,0
"gpt-6-sol","frontier_exponential",105,12.804494928628,0
"gpt-6-sol","frontier_exponential",106,3.97663834845178,0
"gpt-6-sol","frontier_exponential",107,11.7479672512766,0
"gpt-6-sol","frontier_exponential",108,11.7787485045692,0
"gpt-6-sol","frontier_exponential",109,10.864064058786,0
"gpt-6-sol","frontier_exponential",110,4.09392840468433,0
"gpt-6-sol","frontier_exponential",111,12.735150359708,0
"gpt-6-sol","frontier_exponential",112,7.94334362324143,0
"gpt-6-sol","frontier_exponential",113,11.8355260001458,0
"gpt-6-sol","frontier_exponential",114,11.8173895972754,0
"gpt-6-sol","frontier_exponential",115,12.5503502272083,0
"gpt-6-sol","frontier_exponential",116,9.83477035745492,0
"gpt-6-sol","frontier_exponential",117,11.7479672512749,0
"gpt-6-sol","frontier_exponential",118,12.8239591007677,0
"gpt-6-sol","frontier_exponential",119,12.5943252038761,0
"gpt-6-sol","frontier_exponential",120,12.7495866277054,0
"gpt-6-sol","frontier_exponential",121,11.9586818253981,0
"gpt-6-sol","frontier_exponential",122,12.8239505280641,0
"gpt-6-sol","frontier_exponential",123,3.60610884079606,0
"gpt-6-sol","frontier_exponential",124,12.4136803197842,0
"gpt-6-sol","frontier_exponential",125,9.56068778069091,0
"gpt-6-sol","frontier_exponential",126,11.4414990957862,0
"gpt-6-sol","frontier_exponential",127,3.90143944957587,0
"gpt-6-sol","frontier_exponential",128,12.8240179882951,0
"gpt-6-sol","frontier_exponential",129,11.8173895972711,0
"gpt-6-sol","frontier_exponential",130,11.7484065787744,0
"gpt-6-sol","frontier_exponential",131,11.7789209916523,0
"gpt-6-sol","frontier_exponential",132,11.6431792090594,0
"gpt-6-sol","frontier_exponential",133,10.9801070341542,0
"gpt-6-sol","frontier_exponential",134,11.8360327326434,0
"gpt-6-sol","frontier_exponential",135,11.7398933147854,0
"gpt-6-sol","frontier_exponential",136,9.95853895929137,0
"gpt-6-sol","frontier_exponential",137,13.4601501187096,0
"gpt-6-sol","frontier_exponential",138,11.6415889124642,0
"gpt-6-sol","frontier_exponential",139,11.2682337806247,0
"gpt-6-sol","frontier_exponential",140,12.5504425168044,0
"gpt-6-sol","frontier_exponential",141,13.0112043369609,0
"gpt-6-sol","frontier_exponential",142,11.2682110499633,0
"gpt-6-sol","frontier_exponential",143,11.538452696898,0
"gpt-6-sol","frontier_exponential",144,3.60610884079606,0
"gpt-6-sol","frontier_exponential",145,13.001379632522,0
"gpt-6-sol","frontier_exponential",146,9.75724562945266,0
"gpt-6-sol","frontier_exponential",147,11.8358405087772,0
"gpt-6-sol","frontier_exponential",148,12.6832652181705,0
"gpt-6-sol","frontier_exponential",149,11.7398211703078,0
"gpt-6-sol","frontier_exponential",150,11.5318877166254,0
"gpt-6-sol","frontier_exponential",151,11.5319134613443,0
"gpt-6-sol","frontier_exponential",152,9.50394333353576,0
"gpt-6-sol","frontier_exponential",153,11.8355260001444,0
"gpt-6-sol","frontier_exponential",154,11.8861966155936,0
"gpt-6-sol","frontier_exponential",155,11.7484065787799,0
"gpt-6-sol","frontier_exponential",156,9.75724562945562,0
"gpt-6-sol","frontier_exponential",157,12.5989743939052,0
"gpt-6-sol","frontier_exponential",158,9.75763582738285,0
"gpt-6-sol","frontier_exponential",159,13.0013129487493,0
"gpt-6-sol","frontier_exponential",160,13.2053037301373,0
"gpt-6-sol","frontier_exponential",161,11.2540035370056,0
"gpt-6-sol","frontier_exponential",162,11.6712735874269,0
"gpt-6-sol","frontier_exponential",163,5.98387556737124,0
"gpt-6-sol","frontier_exponential",164,11.3184039332476,0
"gpt-6-sol","frontier_exponential",165,11.7255917329058,0
"gpt-6-sol","frontier_exponential",166,11.7484065787561,0
"gpt-6-sol","frontier_exponential",167,12.5989888561173,0
"gpt-6-sol","frontier_exponential",168,11.7484841486288,0
"gpt-6-sol","frontier_exponential",169,9.9582463602958,0
"gpt-6-sol","frontier_exponential",170,11.8112888407835,0
"gpt-6-sol","frontier_exponential",171,11.8865616943646,0
"gpt-6-sol","frontier_exponential",172,11.3183575432071,0
"gpt-6-sol","frontier_exponential",173,12.615203934056,0
"gpt-6-sol","frontier_exponential",174,11.4047269450922,0
"gpt-6-sol","frontier_exponential",175,9.56068778070727,0
"gpt-6-sol","frontier_exponential",176,12.9867431133209,0
"gpt-6-sol","frontier_exponential",177,12.7351503596892,0
"gpt-6-sol","frontier_exponential",178,10.9575506719264,0
"gpt-6-sol","frontier_exponential",179,13.205283707397,0
"gpt-6-sol","frontier_exponential",180,12.7351313985546,0
"gpt-6-sol","frontier_exponential",181,13.2030635956182,0
"gpt-6-sol","frontier_exponential",182,9.8342842790006,0
"gpt-6-sol","frontier_exponential",183,9.95824636015447,0
"gpt-6-sol","frontier_exponential",184,10.2989215906005,0
"gpt-6-sol","frontier_exponential",185,11.8360327326431,0
"gpt-6-sol","frontier_exponential",186,11.6415916732801,0
"gpt-6-sol","frontier_exponential",187,12.5504425168207,0
"gpt-6-sol","frontier_exponential",188,9.91839461883603,0
"gpt-6-sol","frontier_exponential",189,11.8110289318687,0
"gpt-6-sol","frontier_exponential",190,12.823950530098,0
"gpt-6-sol","frontier_exponential",191,12.4140501971762,0
"gpt-6-sol","frontier_exponential",192,13.0012066564359,0
"gpt-6-sol","frontier_exponential",193,11.7787485045685,0
"gpt-6-sol","frontier_exponential",194,11.8360327326434,0
"gpt-6-sol","frontier_exponential",195,12.2006234310059,0
"gpt-6-sol","frontier_exponential",196,5.98387556731019,0
"gpt-6-sol","frontier_exponential",197,12.200545466945,0
"gpt-6-sol","frontier_exponential",198,13.1411767146454,0
"gpt-6-sol","frontier_exponential",199,13.0111617062915,0
"gpt-6-sol","frontier_exponential",200,13.0111617063021,0
"gpt-6-sol","spike_exponential",1,10.0515721007053,0
"gpt-6-sol","spike_exponential",2,6.59010815029606,0
"gpt-6-sol","spike_exponential",3,12.3013376269822,0
"gpt-6-sol","spike_exponential",4,13.6648977263234,0
"gpt-6-sol","spike_exponential",5,10.0261854360483,0
"gpt-6-sol","spike_exponential",6,13.2972291149525,0
"gpt-6-sol","spike_exponential",7,10.9901554017299,0
"gpt-6-sol","spike_exponential",8,11.2518193012684,0
"gpt-6-sol","spike_exponential",9,12.9380124679822,0
"gpt-6-sol","spike_exponential",10,10.9131200477393,0
"gpt-6-sol","spike_exponential",11,12.4656950797964,0
"gpt-6-sol","spike_exponential",12,12.8834545652376,0
"gpt-6-sol","spike_exponential",13,12.3791661161051,0
"gpt-6-sol","spike_exponential",14,11.7334042912576,0
"gpt-6-sol","spike_exponential",15,12.9378959931997,0
"gpt-6-sol","spike_exponential",16,12.9415819402574,0
"gpt-6-sol","spike_exponential",17,9.48063816165941,0
"gpt-6-sol","spike_exponential",18,12.0287830559276,0
"gpt-6-sol","spike_exponential",19,12.4663441265098,0
"gpt-6-sol","spike_exponential",20,12.0539134927308,0
"gpt-6-sol","spike_exponential",21,11.9059053718694,0
"gpt-6-sol","spike_exponential",22,12.036122166686,0
"gpt-6-sol","spike_exponential",23,13.846049662581,0
"gpt-6-sol","spike_exponential",24,11.5520459480131,0
"gpt-6-sol","spike_exponential",25,7.54227279345028,0
"gpt-6-sol","spike_exponential",26,12.298955872831,0
"gpt-6-sol","spike_exponential",27,12.3791661007759,0
"gpt-6-sol","spike_exponential",28,12.8835507042006,0
"gpt-6-sol","spike_exponential",29,11.3421537278777,0
"gpt-6-sol","spike_exponential",30,12.7650567169,0
"gpt-6-sol","spike_exponential",31,11.1698766176221,0
"gpt-6-sol","spike_exponential",32,11.3824871845431,0
"gpt-6-sol","spike_exponential",33,11.912071903075,0
"gpt-6-sol","spike_exponential",34,12.053832117393,0
"gpt-6-sol","spike_exponential",35,12.6268938082317,0
"gpt-6-sol","spike_exponential",36,12.0288083893626,0
"gpt-6-sol","spike_exponential",37,12.8345888716685,0
"gpt-6-sol","spike_exponential",38,11.6355094178725,0
"gpt-6-sol","spike_exponential",39,11.7335837298555,0
"gpt-6-sol","spike_exponential",40,11.2518193539119,0
"gpt-6-sol","spike_exponential",41,10.0879359682764,0
"gpt-6-sol","spike_exponential",42,12.7716572299168,0
"gpt-6-sol","spike_exponential",43,13.8302060625907,0
"gpt-6-sol","spike_exponential",44,4.43165151411741,0
"gpt-6-sol","spike_exponential",45,10.9680456065483,0
"gpt-6-sol","spike_exponential",46,12.9415865663188,0
"gpt-6-sol","spike_exponential",47,12.9415819762211,0
"gpt-6-sol","spike_exponential",48,12.8833793784077,0
"gpt-6-sol","spike_exponential",49,12.9415860888332,0
"gpt-6-sol","spike_exponential",50,12.3435913431509,0
"gpt-6-sol","spike_exponential",51,12.4896541098355,0
"gpt-6-sol","spike_exponential",52,10.0881399863458,0
"gpt-6-sol","spike_exponential",53,12.3792924441362,0
"gpt-6-sol","spike_exponential",54,10.0513082231971,0
"gpt-6-sol","spike_exponential",55,12.0537810987553,0
"gpt-6-sol","spike_exponential",56,10.9952630743349,0
"gpt-6-sol","spike_exponential",57,11.5198101384449,0
"gpt-6-sol","spike_exponential",58,12.4831528401682,0
"gpt-6-sol","spike_exponential",59,12.9415651527862,0
"gpt-6-sol","spike_exponential",60,12.3435297493822,0
"gpt-6-sol","spike_exponential",61,12.4895513477484,0
"gpt-6-sol","spike_exponential",62,10.9809723837754,0
"gpt-6-sol","spike_exponential",63,10.0513082231971,0
"gpt-6-sol","spike_exponential",64,12.9379766958077,0
"gpt-6-sol","spike_exponential",65,12.6576750460204,0
"gpt-6-sol","spike_exponential",66,12.3436124833779,0
"gpt-6-sol","spike_exponential",67,12.4831528508141,0
"gpt-6-sol","spike_exponential",68,13.1268306881159,0
"gpt-6-sol","spike_exponential",69,11.3826523262775,0
"gpt-6-sol","spike_exponential",70,12.7651903222344,0
"gpt-6-sol","spike_exponential",71,13.1051252793925,0
"gpt-6-sol","spike_exponential",72,1.16723827209116,0
"gpt-6-sol","spike_exponential",73,12.6267379641341,0
"gpt-6-sol","spike_exponential",74,12.8822968919395,0
"gpt-6-sol","spike_exponential",75,13.1148349815503,0
"gpt-6-sol","spike_exponential",76,11.9553574341002,0
"gpt-6-sol","spike_exponential",77,12.3792924441362,0
"gpt-6-sol","spike_exponential",78,12.4831528346496,0
"gpt-6-sol","spike_exponential",79,12.1987186775406,0
"gpt-6-sol","spike_exponential",80,11.3229177085564,0
"gpt-6-sol","spike_exponential",81,10.9133885765143,0
"gpt-6-sol","spike_exponential",82,12.9381209103948,0
"gpt-6-sol","spike_exponential",83,12.9381959203665,0
"gpt-6-sol","spike_exponential",84,13.18969710646,0
"gpt-6-sol","spike_exponential",85,13.6649795314007,0
"gpt-6-sol","spike_exponential",86,13.2426213690419,0
"gpt-6-sol","spike_exponential",87,12.6268112452991,0
"gpt-6-sol","spike_exponential",88,11.34205231767,0
"gpt-6-sol","spike_exponential",89,11.4772202620925,0
"gpt-6-sol","spike_exponential",90,11.4814901966866,0
"gpt-6-sol","spike_exponential",91,12.0288084033108,0
"gpt-6-sol","spike_exponential",92,11.7332835215505,0
"gpt-6-sol","spike_exponential",93,12.4634096601102,0
"gpt-6-sol","spike_exponential",94,12.256005184427,0
"gpt-6-sol","spike_exponential",95,12.7716800744468,0
"gpt-6-sol","spike_exponential",96,12.9383185305283,0
"gpt-6-sol","spike_exponential",97,14.0517221745026,0
"gpt-6-sol","spike_exponential",98,12.5876057906552,0
"gpt-6-sol","spike_exponential",99,12.0288396062579,0
"gpt-6-sol","spike_exponential",100,12.5627911031924,0
"gpt-6-sol","spike_exponential",101,12.2560338642945,0
"gpt-6-sol","spike_exponential",102,13.846049662581,0
"gpt-6-sol","spike_exponential",103,9.94633233904938,0
"gpt-6-sol","spike_exponential",104,12.3435150848957,0
"gpt-6-sol","spike_exponential",105,13.1049705990428,0
"gpt-6-sol","spike_exponential",106,4.43110291402271,0
"gpt-6-sol","spike_exponential",107,12.2559623247914,0
"gpt-6-sol","spike_exponential",108,12.5875915779454,0
"gpt-6-sol","spike_exponential",109,11.3858286291932,0
"gpt-6-sol","spike_exponential",110,4.26571444542749,0
"gpt-6-sol","spike_exponential",111,13.2426870839096,0
"gpt-6-sol","spike_exponential",112,10.0260952117466,0
"gpt-6-sol","spike_exponential",113,12.0538344500621,0
"gpt-6-sol","spike_exponential",114,12.6576750425831,0
"gpt-6-sol","spike_exponential",115,12.8843836351677,0
"gpt-6-sol","spike_exponential",116,10.9972133452163,0
"gpt-6-sol","spike_exponential",117,12.2559628051356,0
"gpt-6-sol","spike_exponential",118,12.9381458894187,0
"gpt-6-sol","spike_exponential",119,12.7003703614606,0
"gpt-6-sol","spike_exponential",120,12.8834545652376,0
"gpt-6-sol","spike_exponential",121,11.9739758198255,0
"gpt-6-sol","spike_exponential",122,12.9380061485473,0
"gpt-6-sol","spike_exponential",123,3.85516427800898,0
"gpt-6-sol","spike_exponential",124,12.4889227539139,0
"gpt-6-sol","spike_exponential",125,10.9133885835183,0
"gpt-6-sol","spike_exponential",126,12.3792924385774,0
"gpt-6-sol","spike_exponential",127,4.152326932862,0
"gpt-6-sol","spike_exponential",128,12.9379509580764,0
"gpt-6-sol","spike_exponential",129,12.6576750451684,0
"gpt-6-sol","spike_exponential",130,12.2559691018049,0
"gpt-6-sol","spike_exponential",131,12.5876057906552,0
"gpt-6-sol","spike_exponential",132,12.4895503586447,0
"gpt-6-sol","spike_exponential",133,11.4603915218431,0
"gpt-6-sol","spike_exponential",134,12.0537093633194,0
"gpt-6-sol","spike_exponential",135,12.4830819043882,0
"gpt-6-sol","spike_exponential",136,11.3823968834666,0
"gpt-6-sol","spike_exponential",137,13.8303286104526,0
"gpt-6-sol","spike_exponential",138,12.4558622728839,0
"gpt-6-sol","spike_exponential",139,11.4814069814891,0
"gpt-6-sol","spike_exponential",140,12.8843620001371,0
"gpt-6-sol","spike_exponential",141,13.1270290215171,0
"gpt-6-sol","spike_exponential",142,11.4815400758007,0
"gpt-6-sol","spike_exponential",143,12.3013476578828,0
"gpt-6-sol","spike_exponential",144,3.85516427800898,0
"gpt-6-sol","spike_exponential",145,13.1897359395323,0
"gpt-6-sol","spike_exponential",146,10.7890818109188,0
"gpt-6-sol","spike_exponential",147,12.0538765758293,0
"gpt-6-sol","spike_exponential",148,12.8346411964909,0
"gpt-6-sol","spike_exponential",149,12.4831528346496,0
"gpt-6-sol","spike_exponential",150,12.0288396063478,0
"gpt-6-sol","spike_exponential",151,12.0288341267846,0
"gpt-6-sol","spike_exponential",152,10.7869872567697,0
"gpt-6-sol","spike_exponential",153,12.0537551602983,0
"gpt-6-sol","spike_exponential",154,12.6268205101064,0
"gpt-6-sol","spike_exponential",155,12.2559651232095,0
"gpt-6-sol","spike_exponential",156,10.7889916094371,0
"gpt-6-sol","spike_exponential",157,12.7686029037683,0
"gpt-6-sol","spike_exponential",158,10.7893359732367,0
"gpt-6-sol","spike_exponential",159,13.1896971928436,0
"gpt-6-sol","spike_exponential",160,13.5567926088628,0
"gpt-6-sol","spike_exponential",161,11.914260113983,0
"gpt-6-sol","spike_exponential",162,12.1987032763881,0
"gpt-6-sol","spike_exponential",163,7.97066199483572,0
"gpt-6-sol","spike_exponential",164,11.9121530454491,0
"gpt-6-sol","spike_exponential",165,11.8262827091756,0
"gpt-6-sol","spike_exponential",166,12.2559896217339,0
"gpt-6-sol","spike_exponential",167,12.7685870446369,0
"gpt-6-sol","spike_exponential",168,12.2559531110244,0
"gpt-6-sol","spike_exponential",169,11.3826523190171,0
"gpt-6-sol","spike_exponential",170,11.8175669318261,0
"gpt-6-sol","spike_exponential",171,12.6268001674637,0
"gpt-6-sol","spike_exponential",172,11.9120735554213,0
"gpt-6-sol","spike_exponential",173,12.8822378925698,0
"gpt-6-sol","spike_exponential",174,12.4229867748903,0
"gpt-6-sol","spike_exponential",175,10.9133885785995,0
"gpt-6-sol","spike_exponential",176,13.4193926930833,0
"gpt-6-sol","spike_exponential",177,13.2426155847295,0
"gpt-6-sol","spike_exponential",178,11.3229175534521,0
"gpt-6-sol","spike_exponential",179,13.5568682239258,0
"gpt-6-sol","spike_exponential",180,13.2426577877247,0
"gpt-6-sol","spike_exponential",181,13.2972357220907,0
"gpt-6-sol","spike_exponential",182,10.9970148447146,0
"gpt-6-sol","spike_exponential",183,11.3826523444724,0
"gpt-6-sol","spike_exponential",184,11.4775754772629,0
"gpt-6-sol","spike_exponential",185,12.0537131796348,0
"gpt-6-sol","spike_exponential",186,12.4560636634552,0
"gpt-6-sol","spike_exponential",187,12.8843971117086,0
"gpt-6-sol","spike_exponential",188,10.9809724397466,0
"gpt-6-sol","spike_exponential",189,11.8175543726677,0
"gpt-6-sol","spike_exponential",190,12.9383639529344,0
"gpt-6-sol","spike_exponential",191,12.4890334593436,0
"gpt-6-sol","spike_exponential",192,13.1896617803524,0
"gpt-6-sol","spike_exponential",193,12.5876363110677,0
"gpt-6-sol","spike_exponential",194,12.0537093633194,0
"gpt-6-sol","spike_exponential",195,12.3435263246777,0
"gpt-6-sol","spike_exponential",196,7.9706123921973,0
"gpt-6-sol","spike_exponential",197,12.3435150848957,0
"gpt-6-sol","spike_exponential",198,13.5477287853016,0
"gpt-6-sol","spike_exponential",199,13.1268614520313,0
"gpt-6-sol","spike_exponential",200,13.1268797214158,0
"gpt-6.1-sol","frontier_exponential",1,1.3641973716713,0
"gpt-6.1-sol","frontier_exponential",2,7.08024723740913,0
"gpt-6.1-sol","frontier_exponential",3,6.99954459715428,0
"gpt-6.1-sol","frontier_exponential",4,4.99740844780869,0
"gpt-6.1-sol","frontier_exponential",5,5.61759788984376,0
"gpt-6.1-sol","frontier_exponential",6,6.18286030171861,0
"gpt-6.1-sol","frontier_exponential",7,7.07048612093388,0
"gpt-6.1-sol","frontier_exponential",8,1.53956430927187,0
"gpt-6.1-sol","frontier_exponential",9,5.62172193058917,0
"gpt-6.1-sol","frontier_exponential",10,2.82932331726439,0
"gpt-6.1-sol","frontier_exponential",11,5.62172193061394,0
"gpt-6.1-sol","frontier_exponential",12,6.54330300501107,0
"gpt-6.1-sol","frontier_exponential",13,8.00667811060805,0
"gpt-6.1-sol","frontier_exponential",14,2.94990812266511,0
"gpt-6.1-sol","frontier_exponential",15,2.415223706009,0
"gpt-6.1-sol","frontier_exponential",16,3.91360422263846,0
"gpt-6.1-sol","frontier_exponential",17,7.07145382560901,0
"gpt-6.1-sol","frontier_exponential",18,3.91363683449797,0
"gpt-6.1-sol","frontier_exponential",19,4.19599526525422,0
"gpt-6.1-sol","frontier_exponential",20,8.40948175807091,0
"gpt-6.1-sol","frontier_exponential",21,4.21446574476087,0
"gpt-6.1-sol","frontier_exponential",22,3.94670639551713,0
"gpt-6.1-sol","frontier_exponential",23,7.08070855629782,0
"gpt-6.1-sol","frontier_exponential",24,5.14129280555438,0
"gpt-6.1-sol","frontier_exponential",25,5.28775169203839,0
"gpt-6.1-sol","frontier_exponential",26,2.87555595125105,0
"gpt-6.1-sol","frontier_exponential",27,4.3199354476935,0
"gpt-6.1-sol","frontier_exponential",28,6.70519478285253,0
"gpt-6.1-sol","frontier_exponential",29,10.0880254584463,0
"gpt-6.1-sol","frontier_exponential",30,0.702243813467005,0
"gpt-6.1-sol","frontier_exponential",31,14.5749663836661,0
"gpt-6.1-sol","frontier_exponential",32,8.06561358316311,0
"gpt-6.1-sol","frontier_exponential",33,0.456468670120919,0
"gpt-6.1-sol","frontier_exponential",34,6.95493701247532,0
"gpt-6.1-sol","frontier_exponential",35,9.25704022422173,0
"gpt-6.1-sol","frontier_exponential",36,9.11787864582028,0
"gpt-6.1-sol","frontier_exponential",37,3.79818817983893,0
"gpt-6.1-sol","frontier_exponential",38,8.23213456592104,0
"gpt-6.1-sol","frontier_exponential",39,5.6175349637596,0
"gpt-6.1-sol","frontier_exponential",40,3.79810231139065,0
"gpt-6.1-sol","frontier_exponential",41,8.73363824713125,0
"gpt-6.1-sol","frontier_exponential",42,3.94861206472395,0
"gpt-6.1-sol","frontier_exponential",43,2.57804866983419,0
"gpt-6.1-sol","frontier_exponential",44,3.77225766539653,0
"gpt-6.1-sol","frontier_exponential",45,9.11753985664332,0
"gpt-6.1-sol","frontier_exponential",46,7.58159831386827,0
"gpt-6.1-sol","frontier_exponential",47,7.05154609000035,0
"gpt-6.1-sol","frontier_exponential",48,9.11753985654161,0
"gpt-6.1-sol","frontier_exponential",49,2.41522370602333,0
"gpt-6.1-sol","frontier_exponential",50,2.92105282712079,0
"gpt-6.1-sol","frontier_exponential",51,5.50442893772887,0
"gpt-6.1-sol","frontier_exponential",52,2.12128897376973,0
"gpt-6.1-sol","frontier_exponential",53,6.74908256782227,0
"gpt-6.1-sol","frontier_exponential",54,3.7722576653903,0
"gpt-6.1-sol","frontier_exponential",55,0.263206289107686,0
"gpt-6.1-sol","frontier_exponential",56,4.19610857153701,0
"gpt-6.1-sol","frontier_exponential",57,8.06646724769755,0
"gpt-6.1-sol","frontier_exponential",58,6.70526972402148,0
"gpt-6.1-sol","frontier_exponential",59,10.0880254583889,0
"gpt-6.1-sol","frontier_exponential",60,7.88303216258842,0
"gpt-6.1-sol","frontier_exponential",61,3.43475738717919,0
"gpt-6.1-sol","frontier_exponential",62,8.00615785353822,0
"gpt-6.1-sol","frontier_exponential",63,7.8987256277769,0
"gpt-6.1-sol","frontier_exponential",64,4.99785448787405,0
"gpt-6.1-sol","frontier_exponential",65,2.87667580365846,0
"gpt-6.1-sol","frontier_exponential",66,4.16901405393554,0
"gpt-6.1-sol","frontier_exponential",67,7.58159831388878,0
"gpt-6.1-sol","frontier_exponential",68,2.87616144214115,0
"gpt-6.1-sol","frontier_exponential",69,9.57276995964872,0
"gpt-6.1-sol","frontier_exponential",70,2.87667580368188,0
"gpt-6.1-sol","frontier_exponential",71,5.84303248875611,0
"gpt-6.1-sol","frontier_exponential",72,7.08024723740913,0
"gpt-6.1-sol","frontier_exponential",73,5.28775169203799,0
"gpt-6.1-sol","frontier_exponential",74,11.3001271126829,0
"gpt-6.1-sol","frontier_exponential",75,5.02389397836658,0
"gpt-6.1-sol","frontier_exponential",76,6.18272566175188,0
"gpt-6.1-sol","frontier_exponential",77,1.56261351045389,0
"gpt-6.1-sol","frontier_exponential",78,5.28815889541466,0
"gpt-6.1-sol","frontier_exponential",79,4.15713989264833,0
"gpt-6.1-sol","frontier_exponential",80,3.73769000196565,0
"gpt-6.1-sol","frontier_exponential",81,5.95055890639334,0
"gpt-6.1-sol","frontier_exponential",82,5.02389397845039,0
"gpt-6.1-sol","frontier_exponential",83,7.58159831384459,0
"gpt-6.1-sol","frontier_exponential",84,5.5755327883275,0
"gpt-6.1-sol","frontier_exponential",85,4.10931449787244,0
"gpt-6.1-sol","frontier_exponential",86,4.7037233324525,0
"gpt-6.1-sol","frontier_exponential",87,6.74908256796227,0
"gpt-6.1-sol","frontier_exponential",88,3.60656628155643,0
"gpt-6.1-sol","frontier_exponential",89,0.263206289107686,0
"gpt-6.1-sol","frontier_exponential",90,6.08599819028967,0
"gpt-6.1-sol","frontier_exponential",91,4.78338925393271,0
"gpt-6.1-sol","frontier_exponential",92,1.27761191985626,0
"gpt-6.1-sol","frontier_exponential",93,6.99954459715428,0
"gpt-6.1-sol","frontier_exponential",94,8.40675631924462,0
"gpt-6.1-sol","frontier_exponential",95,2.95039425841035,0
"gpt-6.1-sol","frontier_exponential",96,8.23231591359965,0
"gpt-6.1-sol","frontier_exponential",97,4.70372333243996,0
"gpt-6.1-sol","frontier_exponential",98,9.70964887357609,0
"gpt-6.1-sol","frontier_exponential",99,8.99406579092421,0
"gpt-6.1-sol","frontier_exponential",100,4.16778861699462,0
"gpt-6.1-sol","frontier_exponential",101,3.43480787280093,0
"gpt-6.1-sol","frontier_exponential",102,8.99346072927749,0
"gpt-6.1-sol","frontier_exponential",103,4.6611333787967,0
"gpt-6.1-sol","frontier_exponential",104,2.87555595128561,0
"gpt-6.1-sol","frontier_exponential",105,0.236363763587001,0
"gpt-6.1-sol","frontier_exponential",106,5.95088580684997,0
"gpt-6.1-sol","frontier_exponential",107,6.99954459675754,0
"gpt-6.1-sol","frontier_exponential",108,5.02389397836658,0
"gpt-6.1-sol","frontier_exponential",109,6.55512981489338,0
"gpt-6.1-sol","frontier_exponential",110,5.46376484566945,0
"gpt-6.1-sol","frontier_exponential",111,6.60489474425924,0
"gpt-6.1-sol","frontier_exponential",112,9.25722591222446,0
"gpt-6.1-sol","frontier_exponential",113,4.31907892018823,0
"gpt-6.1-sol","frontier_exponential",114,4.15761185799079,0
"gpt-6.1-sol","frontier_exponential",115,7.88303216243527,0
"gpt-6.1-sol","frontier_exponential",116,13.1225803499579,0
"gpt-6.1-sol","frontier_exponential",117,7.07145382560874,0
"gpt-6.1-sol","frontier_exponential",118,3.95915940427559,0
"gpt-6.1-sol","frontier_exponential",119,2.5020747075622,0
"gpt-6.1-sol","frontier_exponential",120,2.81348261620697,0
"gpt-6.1-sol","frontier_exponential",121,3.60656628162574,0
"gpt-6.1-sol","frontier_exponential",122,4.66125597481381,0
"gpt-6.1-sol","frontier_exponential",123,5.46316211237323,0
"gpt-6.1-sol","frontier_exponential",124,8.40948175803335,0
"gpt-6.1-sol","frontier_exponential",125,6.18272566228772,0
"gpt-6.1-sol","frontier_exponential",126,8.40948175807091,0
"gpt-6.1-sol","frontier_exponential",127,5.61766041446336,0
"gpt-6.1-sol","frontier_exponential",128,7.88303216257456,0
"gpt-6.1-sol","frontier_exponential",129,2.8126551687818,0
"gpt-6.1-sol","frontier_exponential",130,3.94861206472479,0
"gpt-6.1-sol","frontier_exponential",131,6.99924245031496,0
"gpt-6.1-sol","frontier_exponential",132,1.3641973716713,0
"gpt-6.1-sol","frontier_exponential",133,4.19599527251326,0
"gpt-6.1-sol","frontier_exponential",134,8.40918945748134,0
"gpt-6.1-sol","frontier_exponential",135,6.55344630802786,0
"gpt-6.1-sol","frontier_exponential",136,6.18303621044289,0
"gpt-6.1-sol","frontier_exponential",137,8.00615785340092,0
"gpt-6.1-sol","frontier_exponential",138,11.0814826962184,0
"gpt-6.1-sol","frontier_exponential",139,3.94861206474358,0
"gpt-6.1-sol","frontier_exponential",140,7.93311059036593,0
"gpt-6.1-sol","frontier_exponential",141,8.06561358318118,0
"gpt-6.1-sol","frontier_exponential",142,3.74291225593545,0
"gpt-6.1-sol","frontier_exponential",143,5.72338562112149,0
"gpt-6.1-sol","frontier_exponential",144,3.79750953959103,0
"gpt-6.1-sol","frontier_exponential",145,3.73769000196551,0
"gpt-6.1-sol","frontier_exponential",146,5.62008063417965,0
"gpt-6.1-sol","frontier_exponential",147,5.01108983122017,0
"gpt-6.1-sol","frontier_exponential",148,9.11745053863047,0
"gpt-6.1-sol","frontier_exponential",149,5.6175349638233,0
"gpt-6.1-sol","frontier_exponential",150,5.72338562114428,0
"gpt-6.1-sol","frontier_exponential",151,10.0864806487765,0
"gpt-6.1-sol","frontier_exponential",152,1.56243927545283,0
"gpt-6.1-sol","frontier_exponential",153,2.41516992340333,0
"gpt-6.1-sol","frontier_exponential",154,14.5765235630975,0
"gpt-6.1-sol","frontier_exponential",155,1.11640832687777,0
"gpt-6.1-sol","frontier_exponential",156,8.00347273175452,0
"gpt-6.1-sol","frontier_exponential",157,5.46376484565698,0
"gpt-6.1-sol","frontier_exponential",158,3.79750953998299,0
"gpt-6.1-sol","frontier_exponential",159,1.56243927533753,0
"gpt-6.1-sol","frontier_exponential",160,5.61794100687002,0
"gpt-6.1-sol","frontier_exponential",161,4.10931449791734,0
"gpt-6.1-sol","frontier_exponential",162,2.42926977672496,0
"gpt-6.1-sol","frontier_exponential",163,2.87667580367481,0
"gpt-6.1-sol","frontier_exponential",164,8.73363824713125,0
"gpt-6.1-sol","frontier_exponential",165,4.10931449784138,0
"gpt-6.1-sol","frontier_exponential",166,6.54299109073872,0
"gpt-6.1-sol","frontier_exponential",167,6.08599819028452,0
"gpt-6.1-sol","frontier_exponential",168,6.99924245031417,0
"gpt-6.1-sol","frontier_exponential",169,4.10929719582352,0
"gpt-6.1-sol","frontier_exponential",170,8.9933353401398,0
"gpt-6.1-sol","frontier_exponential",171,3.7722576653826,0
"gpt-6.1-sol","frontier_exponential",172,6.55512981494341,0
"gpt-6.1-sol","frontier_exponential",173,7.58158667374163,0
"gpt-6.1-sol","frontier_exponential",174,5.45865793745821,0
"gpt-6.1-sol","frontier_exponential",175,1.49486205875176,0
"gpt-6.1-sol","frontier_exponential",176,2.87667580361933,0
"gpt-6.1-sol","frontier_exponential",177,5.50472518692103,0
"gpt-6.1-sol","frontier_exponential",178,7.46667571178415,0
"gpt-6.1-sol","frontier_exponential",179,5.95055890639334,0
"gpt-6.1-sol","frontier_exponential",180,5.61889563635725,0
"gpt-6.1-sol","frontier_exponential",181,6.18214489761542,0
"gpt-6.1-sol","frontier_exponential",182,9.71185566410415,0
"gpt-6.1-sol","frontier_exponential",183,8.23213456610657,0
"gpt-6.1-sol","frontier_exponential",184,5.72338562109517,0
"gpt-6.1-sol","frontier_exponential",185,3.73732034092052,0
"gpt-6.1-sol","frontier_exponential",186,10.6476951662997,0
"gpt-6.1-sol","frontier_exponential",187,9.2570402242441,0
"gpt-6.1-sol","frontier_exponential",188,2.50408143889101,0
"gpt-6.1-sol","frontier_exponential",189,8.70387783222662,0
"gpt-6.1-sol","frontier_exponential",190,8.73379064837417,0
"gpt-6.1-sol","frontier_exponential",191,3.73769000198932,0
"gpt-6.1-sol","frontier_exponential",192,7.58149322120114,0
"gpt-6.1-sol","frontier_exponential",193,5.61889563597539,0
"gpt-6.1-sol","frontier_exponential",194,4.99890674148879,0
"gpt-6.1-sol","frontier_exponential",195,8.99333534023028,0
"gpt-6.1-sol","frontier_exponential",196,4.15751375347249,0
"gpt-6.1-sol","frontier_exponential",197,7.06817065677826,0
"gpt-6.1-sol","frontier_exponential",198,5.8428809581303,0
"gpt-6.1-sol","frontier_exponential",199,4.66122510061364,0
"gpt-6.1-sol","frontier_exponential",200,6.95483677393744,0
"gpt-6.1-sol","spike_exponential",1,1.99278024978762,0
"gpt-6.1-sol","spike_exponential",2,4.73889348289312,0
"gpt-6.1-sol","spike_exponential",3,5.12893776124918,0
"gpt-6.1-sol","spike_exponential",4,5.07899476788821,0
"gpt-6.1-sol","spike_exponential",5,4.6401224845608,0
"gpt-6.1-sol","spike_exponential",6,4.78177424360945,0
"gpt-6.1-sol","spike_exponential",7,6.08450219486186,0
"gpt-6.1-sol","spike_exponential",8,1.86655498514677,0
"gpt-6.1-sol","spike_exponential",9,4.07041453737045,0
"gpt-6.1-sol","spike_exponential",10,2.82762016162315,0
"gpt-6.1-sol","spike_exponential",11,4.07041453577515,0
"gpt-6.1-sol","spike_exponential",12,5.1122239018971,0
"gpt-6.1-sol","spike_exponential",13,5.75118780012581,0
"gpt-6.1-sol","spike_exponential",14,2.64879320771269,0
"gpt-6.1-sol","spike_exponential",15,3.19364277768648,0
"gpt-6.1-sol","spike_exponential",16,3.21274540533288,0
"gpt-6.1-sol","spike_exponential",17,6.08544976880778,0
"gpt-6.1-sol","spike_exponential",18,3.2130414855891,0
"gpt-6.1-sol","spike_exponential",19,4.21564421968304,0
"gpt-6.1-sol","spike_exponential",20,6.47934154981843,0
"gpt-6.1-sol","spike_exponential",21,4.21035104577537,0
"gpt-6.1-sol","spike_exponential",22,3.81871081468936,0
"gpt-6.1-sol","spike_exponential",23,4.73872285201067,0
"gpt-6.1-sol","spike_exponential",24,4.66661652696107,0
"gpt-6.1-sol","spike_exponential",25,4.59329811639532,0
"gpt-6.1-sol","spike_exponential",26,2.62984550275757,0
"gpt-6.1-sol","spike_exponential",27,3.27375295414037,0
"gpt-6.1-sol","spike_exponential",28,6.70249841550302,0
"gpt-6.1-sol","spike_exponential",29,9.88892963251786,0
"gpt-6.1-sol","spike_exponential",30,1.41159850381284,0
"gpt-6.1-sol","spike_exponential",31,6.67306203349505,0
"gpt-6.1-sol","spike_exponential",32,6.44980361734858,0
"gpt-6.1-sol","spike_exponential",33,1.05013144995613,0
"gpt-6.1-sol","spike_exponential",34,5.44999692443516,0
"gpt-6.1-sol","spike_exponential",35,7.79494687846359,0
"gpt-6.1-sol","spike_exponential",36,7.47703183645317,0
"gpt-6.1-sol","spike_exponential",37,3.97358947884934,0
"gpt-6.1-sol","spike_exponential",38,7.49892012896748,0
"gpt-6.1-sol","spike_exponential",39,4.64018998066501,0
"gpt-6.1-sol","spike_exponential",40,3.97357490855064,0
"gpt-6.1-sol","spike_exponential",41,6.50204757356639,0
"gpt-6.1-sol","spike_exponential",42,3.81898914269379,0
"gpt-6.1-sol","spike_exponential",43,3.2856988517598,0
"gpt-6.1-sol","spike_exponential",44,4.58105392722608,0
"gpt-6.1-sol","spike_exponential",45,7.47754871981151,0
"gpt-6.1-sol","spike_exponential",46,5.94142908327542,0
"gpt-6.1-sol","spike_exponential",47,4.6456325889705,0
"gpt-6.1-sol","spike_exponential",48,7.47764392913963,0
"gpt-6.1-sol","spike_exponential",49,3.19364277306934,0
"gpt-6.1-sol","spike_exponential",50,2.91878500174384,0
"gpt-6.1-sol","spike_exponential",51,5.50196832638999,0
"gpt-6.1-sol","spike_exponential",52,2.40818393678475,0
"gpt-6.1-sol","spike_exponential",53,6.74794709364155,0
"gpt-6.1-sol","spike_exponential",54,4.58105393266245,0
"gpt-6.1-sol","spike_exponential",55,1.26287825910811,0
"gpt-6.1-sol","spike_exponential",56,4.21452202125998,0
"gpt-6.1-sol","spike_exponential",57,6.44916668351336,0
"gpt-6.1-sol","spike_exponential",58,6.7024505275105,0
"gpt-6.1-sol","spike_exponential",59,9.88892963251659,0
"gpt-6.1-sol","spike_exponential",60,5.21403748968069,0
"gpt-6.1-sol","spike_exponential",61,4.52359793187403,0
"gpt-6.1-sol","spike_exponential",62,5.75105287063952,0
"gpt-6.1-sol","spike_exponential",63,5.29345640579383,0
"gpt-6.1-sol","spike_exponential",64,5.078877930305,0
"gpt-6.1-sol","spike_exponential",65,2.62959130106213,0
"gpt-6.1-sol","spike_exponential",66,4.16479399481608,0
"gpt-6.1-sol","spike_exponential",67,5.94143199947262,0
"gpt-6.1-sol","spike_exponential",68,2.62940341366915,0
"gpt-6.1-sol","spike_exponential",69,7.81551458926309,0
"gpt-6.1-sol","spike_exponential",70,2.62959130095528,0
"gpt-6.1-sol","spike_exponential",71,3.80294281389887,0
"gpt-6.1-sol","spike_exponential",72,4.73889348289312,0
"gpt-6.1-sol","spike_exponential",73,4.59329811637674,0
"gpt-6.1-sol","spike_exponential",74,8.77143373348343,0
"gpt-6.1-sol","spike_exponential",75,3.78104839252076,0
"gpt-6.1-sol","spike_exponential",76,4.78158262216348,0
"gpt-6.1-sol","spike_exponential",77,2.62902707645845,0
"gpt-6.1-sol","spike_exponential",78,4.59318563369782,0
"gpt-6.1-sol","spike_exponential",79,3.25323011158136,0
"gpt-6.1-sol","spike_exponential",80,3.75812985035174,0
"gpt-6.1-sol","spike_exponential",81,6.3200048916887,0
"gpt-6.1-sol","spike_exponential",82,3.78104834902354,0
"gpt-6.1-sol","spike_exponential",83,5.94143159962428,0
"gpt-6.1-sol","spike_exponential",84,3.79296906946566,0
"gpt-6.1-sol","spike_exponential",85,4.05735084249076,0
"gpt-6.1-sol","spike_exponential",86,3.31392233868077,0
"gpt-6.1-sol","spike_exponential",87,6.7479470930776,0
"gpt-6.1-sol","spike_exponential",88,3.06561552118903,0
"gpt-6.1-sol","spike_exponential",89,1.26287825910811,0
"gpt-6.1-sol","spike_exponential",90,4.26260505551329,0
"gpt-6.1-sol","spike_exponential",91,3.77425837710381,0
"gpt-6.1-sol","spike_exponential",92,1.94760964353914,0
"gpt-6.1-sol","spike_exponential",93,5.12893776124918,0
"gpt-6.1-sol","spike_exponential",94,6.47891982322397,0
"gpt-6.1-sol","spike_exponential",95,2.64896690963176,0
"gpt-6.1-sol","spike_exponential",96,7.49886796784362,0
"gpt-6.1-sol","spike_exponential",97,3.31392233811447,0
"gpt-6.1-sol","spike_exponential",98,8.3412947061747,0
"gpt-6.1-sol","spike_exponential",99,6.98992394371035,0
"gpt-6.1-sol","spike_exponential",100,4.16489776703064,0
"gpt-6.1-sol","spike_exponential",101,4.52445665979166,0
"gpt-6.1-sol","spike_exponential",102,6.98974672837496,0
"gpt-6.1-sol","spike_exponential",103,5.0687801583934,0
"gpt-6.1-sol","spike_exponential",104,2.6298455027673,0
"gpt-6.1-sol","spike_exponential",105,0.903894563930062,0
"gpt-6.1-sol","spike_exponential",106,6.32078288184601,0
"gpt-6.1-sol","spike_exponential",107,5.12893770043979,0
"gpt-6.1-sol","spike_exponential",108,3.78104839252076,0
"gpt-6.1-sol","spike_exponential",109,5.9780841282181,0
"gpt-6.1-sol","spike_exponential",110,5.12297238769351,0
"gpt-6.1-sol","spike_exponential",111,6.77275192809007,0
"gpt-6.1-sol","spike_exponential",112,7.79536602642456,0
"gpt-6.1-sol","spike_exponential",113,3.2742493281025,0
"gpt-6.1-sol","spike_exponential",114,3.25299455491465,0
"gpt-6.1-sol","spike_exponential",115,5.21404067597522,0
"gpt-6.1-sol","spike_exponential",116,9.39612735329999,0
"gpt-6.1-sol","spike_exponential",117,6.08544976843266,0
"gpt-6.1-sol","spike_exponential",118,3.25334995125595,0
"gpt-6.1-sol","spike_exponential",119,2.52492951592943,0
"gpt-6.1-sol","spike_exponential",120,3.31279193051558,0
"gpt-6.1-sol","spike_exponential",121,3.06561552138724,0
"gpt-6.1-sol","spike_exponential",122,5.06934651148376,0
"gpt-6.1-sol","spike_exponential",123,5.12347264638326,0
"gpt-6.1-sol","spike_exponential",124,6.47934155925638,0
"gpt-6.1-sol","spike_exponential",125,4.78158262212768,0
"gpt-6.1-sol","spike_exponential",126,6.47934154981843,0
"gpt-6.1-sol","spike_exponential",127,4.63996107046842,0
"gpt-6.1-sol","spike_exponential",128,5.21403903987571,0
"gpt-6.1-sol","spike_exponential",129,3.31221391509406,0
"gpt-6.1-sol","spike_exponential",130,3.81898915467013,0
"gpt-6.1-sol","spike_exponential",131,5.12827965352786,0
"gpt-6.1-sol","spike_exponential",132,1.99278024978762,0
"gpt-6.1-sol","spike_exponential",133,4.21564379090124,0
"gpt-6.1-sol","spike_exponential",134,6.47878350466328,0
"gpt-6.1-sol","spike_exponential",135,5.97840308369297,0
"gpt-6.1-sol","spike_exponential",136,4.78278171045005,0
"gpt-6.1-sol","spike_exponential",137,5.75105282083271,0
"gpt-6.1-sol","spike_exponential",138,9.12448289090364,0
"gpt-6.1-sol","spike_exponential",139,3.8189891339469,0
"gpt-6.1-sol","spike_exponential",140,7.35048315940901,0
"gpt-6.1-sol","spike_exponential",141,6.44980362431035,0
"gpt-6.1-sol","spike_exponential",142,3.82327914064271,0
"gpt-6.1-sol","spike_exponential",143,6.32162942323527,0
"gpt-6.1-sol","spike_exponential",144,3.97365471256632,0
"gpt-6.1-sol","spike_exponential",145,3.75812983410883,0
"gpt-6.1-sol","spike_exponential",146,4.07120615607757,0
"gpt-6.1-sol","spike_exponential",147,5.38388456699724,0
"gpt-6.1-sol","spike_exponential",148,7.47773421503293,0
"gpt-6.1-sol","spike_exponential",149,4.64018994193073,0
"gpt-6.1-sol","spike_exponential",150,6.3216259732171,0
"gpt-6.1-sol","spike_exponential",151,9.88910395350003,0
"gpt-6.1-sol","spike_exponential",152,2.62929308277529,0
"gpt-6.1-sol","spike_exponential",153,3.19351901158658,0
"gpt-6.1-sol","spike_exponential",154,6.6725557039724,0
"gpt-6.1-sol","spike_exponential",155,1.88350938944319,0
"gpt-6.1-sol","spike_exponential",156,5.75143317832312,0
"gpt-6.1-sol","spike_exponential",157,5.1229725349274,0
"gpt-6.1-sol","spike_exponential",158,3.97365468351797,0
"gpt-6.1-sol","spike_exponential",159,2.62929308719815,0
"gpt-6.1-sol","spike_exponential",160,4.64041927287141,0
"gpt-6.1-sol","spike_exponential",161,4.05735084206001,0
"gpt-6.1-sol","spike_exponential",162,2.4800066687342,0
"gpt-6.1-sol","spike_exponential",163,2.62959130093822,0
"gpt-6.1-sol","spike_exponential",164,6.50204757356639,0
"gpt-6.1-sol","spike_exponential",165,4.05735084231429,0
"gpt-6.1-sol","spike_exponential",166,5.11217006336223,0
"gpt-6.1-sol","spike_exponential",167,4.26260505516776,0
"gpt-6.1-sol","spike_exponential",168,5.12819123355142,0
"gpt-6.1-sol","spike_exponential",169,4.05721216173676,0
"gpt-6.1-sol","spike_exponential",170,6.98977300524409,0
"gpt-6.1-sol","spike_exponential",171,4.58105393031089,0
"gpt-6.1-sol","spike_exponential",172,5.97808412834374,0
"gpt-6.1-sol","spike_exponential",173,5.94094376744868,0
"gpt-6.1-sol","spike_exponential",174,5.45636893159124,0
"gpt-6.1-sol","spike_exponential",175,2.67242341232448,0
"gpt-6.1-sol","spike_exponential",176,2.62959130092051,0
"gpt-6.1-sol","spike_exponential",177,5.5020053207372,0
"gpt-6.1-sol","spike_exponential",178,5.15992589098821,0
"gpt-6.1-sol","spike_exponential",179,6.3200048916887,0
"gpt-6.1-sol","spike_exponential",180,4.64047986166131,0
"gpt-6.1-sol","spike_exponential",181,4.78162134471958,0
"gpt-6.1-sol","spike_exponential",182,8.34160205707109,0
"gpt-6.1-sol","spike_exponential",183,7.49892062466551,0
"gpt-6.1-sol","spike_exponential",184,6.3216316174434,0
"gpt-6.1-sol","spike_exponential",185,3.75863083690117,0
"gpt-6.1-sol","spike_exponential",186,10.3475033048204,0
"gpt-6.1-sol","spike_exponential",187,7.79491626238257,0
"gpt-6.1-sol","spike_exponential",188,2.52486367435027,0
"gpt-6.1-sol","spike_exponential",189,6.15210966709053,0
"gpt-6.1-sol","spike_exponential",190,6.50215586535773,0
"gpt-6.1-sol","spike_exponential",191,3.75874340092085,0
"gpt-6.1-sol","spike_exponential",192,5.94149197751474,0
"gpt-6.1-sol","spike_exponential",193,4.64055823763815,0
"gpt-6.1-sol","spike_exponential",194,5.07813301103078,0
"gpt-6.1-sol","spike_exponential",195,6.9897729081618,0
"gpt-6.1-sol","spike_exponential",196,3.2532834431438,0
"gpt-6.1-sol","spike_exponential",197,7.61465662435749,0
"gpt-6.1-sol","spike_exponential",198,3.80280547272479,0
"gpt-6.1-sol","spike_exponential",199,5.06886849108216,0
"gpt-6.1-sol","spike_exponential",200,5.44961313475215,0
