"model","estimator","block","offset_seconds"
"gpt-6-sol","student_linear","0",0.581899716965974
"gpt-6-sol","student_linear","1",-0.122318822421984
"gpt-6-sol","student_linear","2",0.0829688871872368
"gpt-6-sol","student_linear","3",-0.19360354521181
"gpt-6-sol","student_linear","4",-0.348946236519416
"gpt-6-sol","student_quadratic","0",0.168289534521167
"gpt-6-sol","student_quadratic","1",0.034019889495678
"gpt-6-sol","student_quadratic","2",-0.0169552199444579
"gpt-6-sol","student_quadratic","3",-0.0180129532573308
"gpt-6-sol","student_quadratic","4",-0.167341250815056
"gpt-6-sol","frontier_exponential","0",0.131998457599411
"gpt-6-sol","frontier_exponential","1",0.0354450609976487
"gpt-6-sol","frontier_exponential","2",-0.0194056948186964
"gpt-6-sol","frontier_exponential","3",0.00715359423517876
"gpt-6-sol","frontier_exponential","4",-0.155191418013542
"gpt-6-sol","spike_exponential","0",0.0904479959013702
"gpt-6-sol","spike_exponential","1",0.0661387222566949
"gpt-6-sol","spike_exponential","2",-0.00756615439263649
"gpt-6-sol","spike_exponential","3",0.0226783860087789
"gpt-6-sol","spike_exponential","4",-0.171698949774208
"gpt-6.1-sol","student_linear","0",0.00924572922528115
"gpt-6.1-sol","student_linear","1",0.0116553836412669
"gpt-6.1-sol","student_linear","2",0.555543700803918
"gpt-6.1-sol","student_linear","3",-0.279694677097031
"gpt-6.1-sol","student_linear","4",-0.296750136573435
"gpt-6.1-sol","student_quadratic","0",-0.016778582518298
"gpt-6.1-sol","student_quadratic","1",0.145016741977337
"gpt-6.1-sol","student_quadratic","2",0.492097057840561
"gpt-6.1-sol","student_quadratic","3",-0.3287819731159
"gpt-6.1-sol","student_quadratic","4",-0.291553244183699
"gpt-6.1-sol","frontier_exponential","0",-0.0129632559682062
"gpt-6.1-sol","frontier_exponential","1",0.224799719024932
"gpt-6.1-sol","frontier_exponential","2",0.332788693400684
"gpt-6.1-sol","frontier_exponential","3",-0.285113648106694
"gpt-6.1-sol","frontier_exponential","4",-0.259511508350716
"gpt-6.1-sol","spike_exponential","0",-0.074423676924027
"gpt-6.1-sol","spike_exponential","1",0.114584883162246
"gpt-6.1-sol","spike_exponential","2",0.451469059805435
"gpt-6.1-sol","spike_exponential","3",-0.232658834763606
"gpt-6.1-sol","spike_exponential","4",-0.258971431280047
