"model","block","target","x","y","valid","timestamp","cache_read","cache_write","reasoning","cost","used_in_fit"
"gpt-6-sol",0,850000,0.849998,17.655393794,TRUE,"2026-10-06T13:31:37.730469+00:00",2051,0,0,3.3926834,TRUE
"gpt-6-sol",0,550000,0.549998,12.540190475,TRUE,"2026-10-06T13:31:56.920788+00:00",2051,0,0,2.1926834,TRUE
"gpt-6-sol",0,175000,0.174998,2.711317747,TRUE,"2026-10-06T13:32:09.912942+00:00",2051,0,0,0.3463542,TRUE
"gpt-6-sol",0,250000,0.249998,4.254780873,TRUE,"2026-10-06T13:32:13.919170+00:00",2051,0,0,0.4963542,TRUE
"gpt-6-sol",0,50000,0.049998,1.185192231,TRUE,"2026-10-06T13:32:18.804173+00:00",2051,0,0,0.0963542,TRUE
"gpt-6-sol",0,275000,0.274998,5.603301134,TRUE,"2026-10-06T13:32:22.813665+00:00",2051,0,0,1.0926834,TRUE
"gpt-6-sol",1,850000,0.849998,17.439357256,TRUE,"2026-10-06T13:32:28.689226+00:00",2051,0,0,3.3926834,TRUE
"gpt-6-sol",1,250000,0.249998,3.723377717,TRUE,"2026-10-06T13:32:46.850810+00:00",2051,0,0,0.4963542,TRUE
"gpt-6-sol",1,275000,0.274998,4.267385668,TRUE,"2026-10-06T13:32:50.858792+00:00",2051,0,0,1.0926834,TRUE
"gpt-6-sol",1,50000,0.049998,1.351887771,TRUE,"2026-10-06T13:32:55.406031+00:00",2051,0,0,0.0963542,TRUE
"gpt-6-sol",1,175000,0.174998,3.227511059,TRUE,"2026-10-06T13:32:59.413481+00:00",2051,0,0,0.3463542,TRUE
"gpt-6-sol",1,550000,0.549998,9.770058451,TRUE,"2026-10-06T13:33:03.426557+00:00",2051,0,0,2.1926834,TRUE
"gpt-6-sol",2,275000,0.274998,5.505635429,TRUE,"2026-10-06T13:33:13.614026+00:00",2051,0,0,1.0926834,TRUE
"gpt-6-sol",2,850000,0.849998,17.429677727,TRUE,"2026-10-06T13:33:19.371365+00:00",2051,0,0,3.3926834,TRUE
"gpt-6-sol",2,250000,0.249998,3.769130932,TRUE,"2026-10-06T13:33:37.491135+00:00",2051,0,0,0.4963542,TRUE
"gpt-6-sol",2,550000,0.549998,9.394829745,TRUE,"2026-10-06T13:33:41.501338+00:00",2051,0,0,2.1926834,TRUE
"gpt-6-sol",2,50000,0.049998,1.641804515,TRUE,"2026-10-06T13:33:51.321454+00:00",2051,0,0,0.0963542,TRUE
"gpt-6-sol",2,175000,0.174998,2.766389759,TRUE,"2026-10-06T13:33:55.328863+00:00",2051,0,0,0.3463542,TRUE
"gpt-6-sol",3,250000,0.249998,4.012293904,TRUE,"2026-10-06T13:34:15.927042+00:00",2051,0,0,0.4963542,TRUE
"gpt-6-sol",3,50000,0.049998,1.355384577,TRUE,"2026-10-06T13:34:20.363001+00:00",2051,0,0,0.0963542,TRUE
"gpt-6-sol",3,175000,0.174998,2.666863304,TRUE,"2026-10-06T13:34:24.371006+00:00",2051,0,0,0.3463542,TRUE
"gpt-6-sol",3,850000,0.849998,17.368113389,TRUE,"2026-10-06T13:34:28.396268+00:00",2051,0,0,3.3926834,TRUE
"gpt-6-sol",3,550000,0.549998,9.523140658,TRUE,"2026-10-06T13:34:46.536572+00:00",2051,0,0,2.1926834,TRUE
"gpt-6-sol",3,275000,0.274998,4.472620648,TRUE,"2026-10-06T13:34:56.534518+00:00",2051,0,0,1.0926834,TRUE
"gpt-6-sol",4,250000,0.249998,3.717725132,TRUE,"2026-10-06T13:35:01.536594+00:00",2051,0,0,0.4963542,TRUE
"gpt-6-sol",4,550000,0.549998,9.935888485,TRUE,"2026-10-06T13:35:05.708660+00:00",2051,0,0,2.1926834,TRUE
"gpt-6-sol",4,275000,0.274998,3.963479395,TRUE,"2026-10-06T13:35:16.747858+00:00",2051,0,0,1.0926834,TRUE
"gpt-6-sol",4,175000,0.174998,2.644752578,TRUE,"2026-10-06T13:35:20.971677+00:00",2051,0,0,0.3463542,TRUE
"gpt-6-sol",4,850000,0.849998,17.192489485,TRUE,"2026-10-06T13:35:24.992404+00:00",2051,0,0,3.3926834,TRUE
"gpt-6-sol",4,50000,0.049998,1.267709587,TRUE,"2026-10-06T13:35:43.548460+00:00",2051,0,0,0.0963542,TRUE
"gpt-6.1-sol",0,550000,0.549998,9.42304052,TRUE,"2026-10-06T13:38:02.479637+00:00",2051,0,0,2.1922732,TRUE
"gpt-6.1-sol",0,275000,0.274998,10.373045207,TRUE,"2026-10-06T13:38:12.435903+00:00",2051,0,0,1.0922732,TRUE
"gpt-6.1-sol",0,850000,0.849998,14.36723552,TRUE,"2026-10-06T13:38:23.368936+00:00",2051,0,0,3.3922732,TRUE
"gpt-6.1-sol",0,50000,0.049998,1.982201302,TRUE,"2026-10-06T13:38:38.515268+00:00",2051,0,0,0.0961491,TRUE
"gpt-6.1-sol",0,250000,0.249998,5.344093326,TRUE,"2026-10-06T13:38:42.524575+00:00",2051,0,0,0.4961491,TRUE
"gpt-6.1-sol",0,175000,0.174998,4.421202015,TRUE,"2026-10-06T13:38:48.167157+00:00",2051,0,0,0.3461491,TRUE
"gpt-6.1-sol",1,850000,0.849998,30.820969713,TRUE,"2026-10-06T13:38:52.888765+00:00",2051,0,0,3.3922732,TRUE
"gpt-6.1-sol",1,550000,0.549998,10.188930208,TRUE,"2026-10-06T13:39:25.366830+00:00",2051,0,0,2.1922732,TRUE
"gpt-6.1-sol",1,275000,0.274998,5.204870787,TRUE,"2026-10-06T13:39:36.101577+00:00",2051,0,0,1.0922732,TRUE
"gpt-6.1-sol",1,50000,0.049998,2.918996053,TRUE,"2026-10-06T13:39:41.791870+00:00",2051,0,0,0.0961491,TRUE
"gpt-6.1-sol",1,175000,0.174998,4.023936027,TRUE,"2026-10-06T13:39:45.799303+00:00",2051,0,0,0.3461491,TRUE
"gpt-6.1-sol",1,250000,0.249998,4.345943635,TRUE,"2026-10-06T13:39:49.954096+00:00",2051,0,0,0.4961491,TRUE
"gpt-6.1-sol",2,550000,0.549998,9.12058597,TRUE,"2026-10-06T13:39:54.632374+00:00",2051,0,0,2.1922732,TRUE
"gpt-6.1-sol",2,275000,0.274998,5.17343495,TRUE,"2026-10-06T13:40:04.127361+00:00",2051,0,0,1.0922732,TRUE
"gpt-6.1-sol",2,250000,0.249998,5.978323439,TRUE,"2026-10-06T13:40:09.601027+00:00",2051,0,0,0.4961491,TRUE
"gpt-6.1-sol",2,850000,0.849998,16.200910575,TRUE,"2026-10-06T13:40:15.829870+00:00",2051,0,0,3.3922732,TRUE
"gpt-6.1-sol",2,175000,0.174998,5.001026599,TRUE,"2026-10-06T13:40:33.298675+00:00",2051,0,0,0.3461491,TRUE
"gpt-6.1-sol",2,50000,0.049998,2.514244626,TRUE,"2026-10-06T13:40:38.837761+00:00",2051,0,0,0.0961491,TRUE
"gpt-6.1-sol",3,850000,0.849998,14.814622995,TRUE,"2026-10-06T13:41:48.815862+00:00",2051,0,0,3.3922732,TRUE
"gpt-6.1-sol",3,550000,0.549998,10.492624614,TRUE,"2026-10-06T13:42:04.271158+00:00",2051,0,0,2.1922732,TRUE
"gpt-6.1-sol",3,275000,0.274998,4.815324106,TRUE,"2026-10-06T13:42:15.574929+00:00",2051,0,0,1.0922732,TRUE
"gpt-6.1-sol",3,250000,0.249998,4.306792748,TRUE,"2026-10-06T13:42:20.624959+00:00",2051,0,0,0.4961491,TRUE
"gpt-6.1-sol",3,50000,0.049998,2.300384999,TRUE,"2026-10-06T13:42:25.092585+00:00",2051,0,0,0.0961491,TRUE
"gpt-6.1-sol",3,175000,0.174998,3.192155568,TRUE,"2026-10-06T13:42:29.099993+00:00",2051,0,0,0.3461491,TRUE
"gpt-6.1-sol",4,175000,0.174998,3.319670821,TRUE,"2026-10-06T13:42:57.357281+00:00",2051,0,0,0.3461491,TRUE
"gpt-6.1-sol",4,850000,0.849998,14.602732251,TRUE,"2026-10-06T13:43:01.384270+00:00",2051,0,0,3.3922732,TRUE
"gpt-6.1-sol",4,50000,0.049998,2.318832162,TRUE,"2026-10-06T13:43:16.852922+00:00",2051,0,0,0.0961491,TRUE
"gpt-6.1-sol",4,275000,0.274998,5.175445019,TRUE,"2026-10-06T13:43:20.862487+00:00",2051,0,0,1.0922732,TRUE
"gpt-6.1-sol",4,550000,0.549998,10.063403594,TRUE,"2026-10-06T13:43:26.764409+00:00",2051,0,0,2.1922732,TRUE
"gpt-6.1-sol",4,250000,0.249998,4.233413305,TRUE,"2026-10-06T13:43:37.560034+00:00",2051,0,0,0.4961491,TRUE
