sequence,block,target_tokens,timestamp,request_started_at,request_completed_at
1,1,375000,2026-08-13T16:56:04.114877+00:00,2026-08-13T16:56:04.114877+00:00,2026-08-13T16:56:09.631742+00:00
2,1,50000,2026-08-13T16:56:09.637481+00:00,2026-08-13T16:56:09.637481+00:00,2026-08-13T16:56:11.443854+00:00
3,1,250000,2026-08-13T16:56:12.414233+00:00,2026-08-13T16:56:12.414233+00:00,2026-08-13T16:56:16.646234+00:00
4,1,100000,2026-08-13T16:56:16.652724+00:00,2026-08-13T16:56:16.652724+00:00,2026-08-13T16:56:18.730135+00:00
5,1,175000,2026-08-13T16:56:20.653939+00:00,2026-08-13T16:56:20.653939+00:00,2026-08-13T16:56:23.650688+00:00
6,1,900000,2026-08-13T16:56:24.664336+00:00,2026-08-13T16:56:24.664336+00:00,2026-08-13T16:56:36.969717+00:00
7,1,550000,2026-08-13T16:56:36.982320+00:00,2026-08-13T16:56:36.982320+00:00,2026-08-13T16:56:44.914869+00:00
8,1,750000,2026-08-13T16:56:44.930045+00:00,2026-08-13T16:56:44.930045+00:00,2026-08-13T16:56:56.657867+00:00
9,2,175000,2026-08-13T16:56:56.665567+00:00,2026-08-13T16:56:56.665567+00:00,2026-08-13T16:56:59.545485+00:00
10,2,550000,2026-08-13T16:57:00.671021+00:00,2026-08-13T16:57:00.671021+00:00,2026-08-13T16:57:08.761825+00:00
11,2,100000,2026-08-13T16:57:08.768290+00:00,2026-08-13T16:57:08.768290+00:00,2026-08-13T16:57:10.871903+00:00
12,2,250000,2026-08-13T16:57:12.771000+00:00,2026-08-13T16:57:12.771000+00:00,2026-08-13T16:57:16.679578+00:00
13,2,900000,2026-08-13T16:57:16.780453+00:00,2026-08-13T16:57:16.780453+00:00,2026-08-13T16:57:28.325198+00:00
14,2,375000,2026-08-13T16:57:28.335381+00:00,2026-08-13T16:57:28.335381+00:00,2026-08-13T16:57:33.773466+00:00
15,2,50000,2026-08-13T16:57:33.778938+00:00,2026-08-13T16:57:33.778938+00:00,2026-08-13T16:57:37.690383+00:00
16,2,750000,2026-08-13T16:57:37.788592+00:00,2026-08-13T16:57:37.788592+00:00,2026-08-13T16:57:46.807186+00:00
17,3,750000,2026-08-13T16:57:46.820727+00:00,2026-08-13T16:57:46.820727+00:00,2026-08-13T16:57:54.655062+00:00
18,3,900000,2026-08-13T16:57:54.671756+00:00,2026-08-13T16:57:54.671756+00:00,2026-08-13T16:58:08.437541+00:00
19,3,50000,2026-08-13T16:58:08.443190+00:00,2026-08-13T16:58:08.443190+00:00,2026-08-13T16:58:11.392944+00:00
20,3,175000,2026-08-13T16:58:12.446461+00:00,2026-08-13T16:58:12.446461+00:00,2026-08-13T16:58:15.383198+00:00
21,3,550000,2026-08-13T16:58:16.451739+00:00,2026-08-13T16:58:16.451739+00:00,2026-08-13T16:58:23.515677+00:00
22,3,375000,2026-08-13T16:58:23.525715+00:00,2026-08-13T16:58:23.525715+00:00,2026-08-13T16:58:28.704912+00:00
23,3,250000,2026-08-13T16:58:28.713158+00:00,2026-08-13T16:58:28.713158+00:00,2026-08-13T16:58:32.811134+00:00
24,3,100000,2026-08-13T16:58:32.817898+00:00,2026-08-13T16:58:32.817898+00:00,2026-08-13T16:58:36.299882+00:00
25,4,50000,2026-08-13T16:58:36.818262+00:00,2026-08-13T16:58:36.818262+00:00,2026-08-13T16:58:38.505657+00:00
26,4,100000,2026-08-13T16:58:40.819141+00:00,2026-08-13T16:58:40.819141+00:00,2026-08-13T16:58:43.034390+00:00
27,4,550000,2026-08-13T16:58:44.825077+00:00,2026-08-13T16:58:44.825077+00:00,2026-08-13T16:58:52.335290+00:00
28,4,250000,2026-08-13T16:58:52.344221+00:00,2026-08-13T16:58:52.344221+00:00,2026-08-13T16:58:54.875400+00:00
29,4,375000,2026-08-13T16:58:55.169299+00:00,2026-08-13T16:58:55.169299+00:00,2026-08-13T16:59:00.606869+00:00
30,4,900000,2026-08-13T16:59:00.623293+00:00,2026-08-13T16:59:00.623293+00:00,2026-08-13T16:59:14.555069+00:00
31,4,750000,2026-08-13T16:59:14.570589+00:00,2026-08-13T16:59:14.570589+00:00,2026-08-13T16:59:23.923480+00:00
32,4,175000,2026-08-13T16:59:23.930916+00:00,2026-08-13T16:59:23.930916+00:00,2026-08-13T16:59:26.541073+00:00
33,5,100000,2026-08-13T16:59:27.930252+00:00,2026-08-13T16:59:27.930252+00:00,2026-08-13T16:59:29.748325+00:00
34,5,750000,2026-08-13T16:59:31.939684+00:00,2026-08-13T16:59:31.939684+00:00,2026-08-13T16:59:43.728441+00:00
35,5,50000,2026-08-13T16:59:43.734482+00:00,2026-08-13T16:59:43.734482+00:00,2026-08-13T16:59:45.208403+00:00
36,5,250000,2026-08-13T16:59:47.737866+00:00,2026-08-13T16:59:47.737866+00:00,2026-08-13T16:59:51.376887+00:00
37,5,175000,2026-08-13T16:59:51.736686+00:00,2026-08-13T16:59:51.736686+00:00,2026-08-13T16:59:54.582926+00:00
38,5,550000,2026-08-13T16:59:55.741653+00:00,2026-08-13T16:59:55.741653+00:00,2026-08-13T17:00:01.726085+00:00
39,5,375000,2026-08-13T17:00:01.736502+00:00,2026-08-13T17:00:01.736502+00:00,2026-08-13T17:00:07.261982+00:00
40,5,900000,2026-08-13T17:00:07.285933+00:00,2026-08-13T17:00:07.285933+00:00,2026-08-13T17:00:19.675955+00:00
41,6,750000,2026-08-13T17:00:19.696202+00:00,2026-08-13T17:00:19.696202+00:00,2026-08-13T17:00:28.965004+00:00
42,6,100000,2026-08-13T17:00:28.971147+00:00,2026-08-13T17:00:28.971147+00:00,2026-08-13T17:00:31.196964+00:00
43,6,375000,2026-08-13T17:00:32.975333+00:00,2026-08-13T17:00:32.975333+00:00,2026-08-13T17:00:39.177746+00:00
44,6,550000,2026-08-13T17:00:39.190197+00:00,2026-08-13T17:00:39.190197+00:00,2026-08-13T17:00:47.887602+00:00
45,6,900000,2026-08-13T17:00:47.913638+00:00,2026-08-13T17:00:47.913638+00:00,2026-08-13T17:00:59.691886+00:00
46,6,50000,2026-08-13T17:00:59.698767+00:00,2026-08-13T17:00:59.698767+00:00,2026-08-13T17:01:01.336913+00:00
47,6,250000,2026-08-13T17:01:03.702026+00:00,2026-08-13T17:01:03.702026+00:00,2026-08-13T17:01:07.432925+00:00
48,6,175000,2026-08-13T17:01:07.701080+00:00,2026-08-13T17:01:07.701080+00:00,2026-08-13T17:01:10.377432+00:00
